shag_spirali_mm,vnutr_diameter_d_mm,r_provodnika,dielectric_eps,polosa_4astot_ghz
0.8198685661204493,2.046308877376582,0.32798710873172005,6.655672215233327,11.315923787922598
0.7944694279531527,2.0954708320235067,0.31849267365825534,6.3897628567342935,23.0200573963305
0.8259075415240278,1.930071621309043,0.3011926073984035,6.3363602233155385,43.12914571317364
0.8609211942563211,2.0281484618345287,0.28706126444588853,6.49932510851781,-8.28498142725669
0.7906338650110666,1.9674678715439087,0.3139644662722718,6.465963075495014,49.27303330759844
0.7906345217220329,1.9756437308117651,0.30786970770843497,6.409354390134545,51.51622415542294
0.8631685126202957,1.9703803037880565,0.3179038644005546,6.639277489491343,5.37752666320436
0.8306973891661164,1.9568004615160093,0.31270343603363937,6.691061041714102,22.15693778635532
0.781221024562602,2.002426081397241,0.3209910543063867,6.517681377258369,49.22600122882221
0.8217024017434387,1.9584524941794481,0.28929529576878865,6.7955060162110525,20.480254149796675
0.7814632922875016,2.013522841288992,0.3263478813126865,6.271662177173299,53.941456711567994
0.7813708098571898,1.997488094527543,0.303951992093848,6.461268108144056,47.044498817093356
0.8096784908626414,1.9880525976566794,0.3415052174525053,6.356635535879439,45.426115118586715
0.7234687902136882,1.9546218168979201,0.28621624363820863,6.126692676585388,98.74861633953361
0.7310032866994787,1.9711614334715835,0.334719276063305,6.48346386283146,88.71896124440693
0.7775084988303611,2.0377695612912876,0.30395821566925296,6.475650498323343,39.78051492615004
0.7594867551866231,2.025045859381219,0.286971639927711,6.8026899486484265,36.161236173503966
0.812569893303811,1.9511222377600725,0.2903222833189136,6.626162336910956,29.829391261220906
0.7636790369791516,2.0049666152714614,0.29359305383611356,6.295162635134159,61.6497744034861
0.7435078519465884,2.0375693561685893,0.3084833189280383,6.870818513266838,42.05907161156892
0.8586259507568622,1.9165297359439315,0.31045670976071,6.744206739105071,15.201561790520914
0.7909689479805386,2.027168009618997,0.2885259999212284,6.616419540693723,26.911240065578596
0.802701128187517,1.9668688120527076,0.2995129081547803,6.454703180230034,45.22130691972852
0.7430100725514618,2.028529933429658,0.34284540717223727,6.308112152655304,73.77864080313479
0.7782246910189927,1.9618370421728741,0.33455086340201423,6.42555864478579,61.49408847330425
0.8044369035883947,1.9097558949667741,0.30872647339348064,6.7177497239408375,47.52936827255033
0.753960256903108,1.9186228781058419,0.300760069563364,6.876917261186922,67.6284581953508
0.8150279207338269,2.002404247333069,0.3024006265343652,6.808648705654438,16.150220846563357
0.7759744524032478,2.012986125086074,0.31227035945460835,6.4022301156427455,51.77673754567974
0.788332250008269,1.9547841687447796,0.2795441486960319,6.276076513342198,56.397376923775376
0.7759317355108242,2.031929622938869,0.2948524692515331,6.5281772493822405,39.628523733691175
0.8740911273803575,1.916923996886552,0.26662831852244817,6.1463121268874295,20.200980017466676
0.7994601110104826,1.996696010067634,0.3079844624521056,6.564633542836956,35.81598395897957
0.757691562841764,1.939449190011877,0.3129439187940548,6.4704794827402665,77.32964452212957
0.8329017964841277,1.967408194609892,0.2903362707540125,6.406792699626352,28.111906254352487
0.7511662540011591,2.0023699335658205,0.33147973526580066,6.181059386546641,84.4828378932267
0.8083545438001902,1.9569793317358024,0.2754846867399532,6.602720021313943,32.306721739503885
0.721613195044809,1.9807722227885087,0.2707125023958036,6.3934598320676175,80.36807101400773
0.7468725580440628,2.050314640460722,0.30448903637119945,6.2660166328579425,62.3633598568264
0.8078744494347649,1.9711554065238426,0.32094196605224307,5.92554755734367,62.104632304525246
0.8295386631998165,2.041784605603257,0.33367855382915734,6.494497018989873,14.639190204922206
0.8068547312475989,1.9435146572671191,0.2908223147426212,6.8544503193339485,28.1589065877087
0.7953740687044705,2.026490208895764,0.3215736166686259,6.832251842909574,21.425129097998177
0.7879558521764285,2.072078431032895,0.29922983060998587,6.408580748682746,28.056726337807472
0.740859120385303,1.8764177749936355,0.2965474540011836,6.379557587927644,100.08077517416854
0.7712062316642116,1.960155237226476,0.31767319874973343,6.593754851215005,61.865307352662555
0.7815744491616086,2.028853606359027,0.3130464575682684,6.300322912162342,48.805873059486196
0.8422848890487566,1.9898477306978504,0.268472156860315,6.560358379963893,5.446001347499138
0.8137447315827385,2.0185572936685654,0.3295308069945179,6.653216055676938,22.272324246094822
0.7294783937854907,1.969800740664209,0.32760182708294905,6.745386644776861,76.97239130987379
0.8129633587757918,2.004329489373645,0.2874887459698094,6.479969184704009,26.36770442644269
0.7845967087833474,1.992216138230396,0.30791607066874815,6.459265249964607,47.25184580546292
0.7729231199877616,2.05838910308299,0.3098806037256548,6.3244034826486875,43.89170597238406
0.8244670515536348,2.0127210421650608,0.30521347531647813,6.334623929192028,25.692220378335843
0.8412399808998381,2.01688013310376,0.2889938969230916,6.454704221619695,5.85858269480738
0.837251204764648,1.9794061516938766,0.28656753264123896,6.573473101363236,12.60005665704937
0.7664312990710945,1.9756196887963753,0.29948891858017107,6.68271692524665,51.188835595619196
0.7876315049659515,1.978372090609019,0.32345458038518726,6.339364209863931,59.42130197611145
0.8132505372561426,2.019722607118915,0.3108720030918886,6.798537713791904,13.605512860786446
0.8390218050848944,1.9789507759589868,0.2925877133582779,6.445775279791486,19.56673732019869
0.7808330304861885,2.014488742844821,0.31543397421296687,6.4957265411303124,46.598615090472215
0.7925736409334474,2.103770039932272,0.24302914758739846,6.350557664170435,8.557153170921847
0.7557466010397589,2.0435562351715846,0.32297531400744206,6.015151947945411,73.46055514551765
0.7521517350367732,1.983698823391608,0.265205724424438,6.67680907927221,51.0427772003893
0.8325010328957679,2.0600606961081973,0.2927511811719373,6.647368779418486,-4.236606576892237
0.854249601142833,1.9795962313489224,0.2776066021074771,6.443734488576357,6.957426739724272
0.7971195951367867,1.8980937732411074,0.2741063704855819,6.513398143444975,51.66883971880434
0.840141315915681,1.9495956844541298,0.32321653574757037,6.60318784354082,25.333686641986176
0.8144654410019054,1.9064604039487072,0.2906459759737622,6.187490828622692,62.25719475525699
0.774195209815795,1.9824243257979346,0.30693007763461433,6.394189464530741,60.418556458864074
0.8144558242203366,2.0009209189594777,0.2990615884224163,6.658852935924365,21.734572602935685
0.8615214626586388,2.083821865613764,0.3095408165444624,6.24914211536615,-5.157377432598926
0.798566958435602,2.016346368688208,0.3015364378212051,6.558711586433326,29.95685486859918
0.8625857462325603,1.9890449735595568,0.2743401555162286,6.228683639075319,9.223705019139555
0.6952101958364103,2.0414702790591743,0.31992533638894277,6.593285996486705,82.00867489094134
0.832876100175009,1.8894432345496057,0.29012486833677376,6.492871703540503,41.287764853533744
0.8034818827295269,2.0117807279054283,0.268868362026805,6.176973636818898,37.87597345871921
0.7880397059813653,2.0385432596943485,0.29143769678068177,6.732947870891434,23.1032305598377
0.8036704310614201,1.9260706877110079,0.33001519581268624,6.35308168464039,62.39490022897722
0.7204972434159643,2.0571877021603466,0.31700443484226987,6.337949512597124,74.20909017002836
0.7912131244864996,2.0169248203747205,0.2930269573118428,6.540113839446189,32.77245446529822
0.8142845028604699,1.97923560430496,0.2930148459136314,6.729727469885743,22.442658904241405
0.8591157617896606,2.0316390933053143,0.2935672989756523,6.296835636204321,-0.432799254831461
0.7792691912690541,2.1135346428902198,0.34153495967121683,6.512335969969595,23.522912214121234
0.7676602558842726,2.009093312752925,0.30763870904463103,6.585763300066114,47.8758687349924
0.7799297182566186,2.012411029315017,0.3086008329438214,6.638621121452629,37.404261015043645
0.836616084708083,1.9770319550229878,0.3206056690806368,6.535288311055445,22.3208752824759
0.8131500443863874,1.9575077815267603,0.3047757831805303,6.426594432183336,41.635316891610906
0.7788095918493185,2.0415167908272123,0.2948191570835859,6.334481955870256,41.59537525271631
0.8205306973245343,1.9571958087045567,0.2960730030183004,6.517228776609275,34.68527322340776
0.8038831019739217,2.0035783118609696,0.2985679748117187,6.285572197602878,40.786323272842516
0.8387457996213156,1.9761171276617442,0.29925555526980313,5.915729903301078,43.0943260307916
0.7719178762449059,2.0239489912873196,0.31455259087273957,6.587311960831533,45.048760613696736
0.7868935141360893,2.0166831052643475,0.301038917716146,6.680786968217239,29.47267709957598
0.7843156738747138,2.051876997212895,0.3146528015443116,6.027413512891632,54.56858751214007
0.7414594020747153,1.9744991800572627,0.2983856683978283,6.298053859058013,80.95885853260555
0.8118448110825831,1.9865062532353315,0.3015727038063218,6.623830852201039,28.090880727184366
0.8104422108871956,1.9510618142108846,0.2600359863093578,6.911499093942339,14.941396256047891
0.8002045382656985,1.9777853369961944,0.3183265534940496,6.504158741535082,41.387345963161756
0.7906165146649942,2.018865024652243,0.30692976951795986,6.354399411754173,44.07012293817756
0.7433851703179835,2.0378494308322677,0.319960202197193,6.463420711779032,63.07411918278847
0.7831741870893857,1.9538917337911188,0.2420748924361262,6.774975283829637,31.3830707934729
0.7862914193389292,2.043480296005283,0.3417674940956145,6.370807164175093,44.32116595252814
0.7679089092311353,2.0677818929402476,0.2972082074368965,6.340161598669949,43.905775334419666
0.7935485715333597,2.020671745161185,0.3221636563347503,6.403451295563594,40.09762842307317
0.8161620342725816,2.093839790627903,0.27920188145748936,6.309334278348257,9.520345986834919
0.8754474360484212,1.9613105400448214,0.31225547810125137,6.524534063198959,2.90818255293132
0.8069831125132736,1.937767264834429,0.27893168873652685,6.824935691693912,29.841642525398044
0.8103020156289106,1.9110639875547861,0.2875246207860839,6.564615854623206,45.105896649615595
0.7970221633693534,2.074802215574459,0.3382806270773357,6.449529299574743,29.265012988086394
0.7232491513880384,2.032718282817703,0.29618635198473303,6.441637746216891,70.11616840542986
0.7989394449820314,1.9972207664544772,0.30434865746359446,6.187361838260669,49.38138991399192
0.8024092083976411,2.013998431315991,0.31740135461377506,6.6766219554294315,26.79208333413096
0.8985296844994115,1.9437255476350812,0.3099136377594521,6.4844325605974396,-4.583313962775166
0.7923055614087552,2.1222875989808414,0.3030083781028715,6.463904017281875,13.03966891721223
0.8120618936933446,2.0064610590987613,0.3072992200493245,7.138621513568972,1.9604674023564455
0.7986115292117903,2.005469739730245,0.3480683117047655,6.559750581673137,41.33166059927416
0.7532528784952187,2.0362883311949345,0.2988476240593283,6.349641789980963,56.29404649155982
0.8457129125806009,2.0240504615868358,0.30402198093429933,6.414728480758892,4.457543768140194
0.830077321307471,2.0111942012139568,0.3210130879201522,6.729689141839351,10.49937525609747
0.8316412778817219,1.9604762772277344,0.3221105186591597,6.522654082107553,34.2178542103459
0.7636245018082105,2.0235734178567997,0.3237406061112076,6.212344404336527,66.7801552004798
0.856111772437444,2.094101224823752,0.3127746044405837,6.6838457869150405,-23.273569956381067
0.7439259574883088,2.067271002307749,0.2771399017453903,6.366371182892201,50.07447961714806
0.8234742837520108,2.07965933133197,0.3326686306460219,6.874659555243509,-5.44805282459659
0.8876182250323992,1.9744392161784408,0.2770730921396262,6.71600961314293,-19.46052307567444
0.7603785469947725,1.9505197589870709,0.3060527093047807,6.41053562086825,71.68495479924105
0.7773480908158892,1.9937106539950176,0.2849144829996128,6.7562032723470224,37.374241340501726
0.8039860546035057,2.0027862456144345,0.29871723306814013,6.51357110210548,32.412645523178284
0.779860973835352,2.0547095759235474,0.3065752482060696,6.670554735024444,28.516304997703088
0.7379734627573548,1.915376768514259,0.3064271443090055,6.596946563458895,87.48945097169262
0.8027425189922411,2.0764775159730307,0.3084384150847057,6.330728669001825,23.624971964149164
0.7575078514509559,1.9920996050710504,0.3322742253811729,6.371290033536508,72.87931207364667
0.8189436972254073,1.978655946502629,0.3090706860302796,6.705992163516232,24.16571123141378
0.7632230306306479,1.9493947812369916,0.295116867294187,6.4330449335786914,68.54310070554389
0.8619973762007016,1.9172571664067115,0.31928174336576715,6.419270307351601,26.984856871747414
0.7686698683065506,2.041158529198096,0.3237894097784928,6.308975484130129,54.905172457240575
0.787117539351773,2.00366589835942,0.27544784369726016,6.584719813118692,35.22984419221122
0.8325406886947868,1.9355019550129473,0.31194800139699713,6.912504983848629,16.61289232673333
0.7507654273426418,1.9352460613968192,0.31402345484621796,6.286493417149146,86.7636266109595
0.8090983973841652,1.9832107650354935,0.2940487299328001,6.504843891334551,32.88842942522345
0.8522857101712972,2.0834510762644696,0.3275141362662324,6.782444111083086,-19.504004534979046
0.735700670617551,1.9870204324318197,0.29699888825934945,6.4840717217508566,73.77664865510151
0.8073853543412922,1.9248428523440948,0.30251152906943085,6.590474359249947,46.225031790457614
0.810395311769937,1.9877128467957028,0.2965385635143226,6.287521294370624,39.703552841653384
0.8312729148710924,1.9863638215126165,0.30031158095162935,6.5856614194415295,19.94323422843904
0.7505219715648768,1.8651556678529215,0.27807449826209596,6.46257114699909,89.28625315935744
0.747181735476629,1.9972852566741095,0.2711989823481141,6.697145999135973,49.81279485308132
0.820877662624676,1.9884532734895661,0.3318901012644994,6.73747721031295,23.012549619090663
0.8118793869293275,2.034810318240671,0.2830607730336334,7.017912728403723,-6.457276935044602
0.8100197140138351,2.0924478047472674,0.28017215301087384,6.615926634642715,-1.5647322371354133
0.813857928379879,2.056328251477388,0.2569321977279257,6.565159263316433,5.131633298013297
0.7727990111368604,1.9865555654722584,0.28722076504620997,6.538876860315467,49.10761649045202
0.8092901478864402,1.9446737045629165,0.27353820413185004,6.429366741437862,41.04775209479151
0.8117228989319473,2.128667990162493,0.3328403032027274,6.567696768692338,-0.3579693064761944
0.7714259432789453,2.0029609217007245,0.3201963417868527,6.440919717972194,55.4830475148298
0.8746309804457904,2.0006964645956473,0.2862369930964455,6.533692195253923,-10.877274509493734
0.8189533168364715,1.9987937456444997,0.34504871610688614,6.763519507121592,22.85756707663992
0.7523478601118941,2.0099042380383927,0.3196353097398319,6.2986914869440715,72.73352797195318
0.8262621443453533,1.9927819794038029,0.29350337232982754,6.727975712225809,12.706328121163878
0.7610127331909072,1.9713168996559882,0.2500118857025285,6.763423013467973,41.12521049394512
0.8314833841496981,1.9726570529379803,0.34581885145181485,6.4763862946017845,34.72452168649037
0.8463438231602962,1.9983623364892,0.27220855066472804,6.075629020198281,22.06781845218863
0.7671727072659317,1.9728287614433118,0.26709202506086216,6.3784356025811135,59.56731272405258
0.838535045169773,1.9643577108661419,0.3204514086401928,6.759398909312222,18.445010934153096
0.81651123707746,2.005321511384595,0.34879504812678547,6.495426387540223,33.06096971110059
0.8328824063997796,1.9872511391289573,0.32768545637021035,6.300139553541018,32.28962595475731
0.8758717193061579,2.0751996494291345,0.31127818240104715,6.399045015754356,-20.369892419715846
0.7901844753598852,1.8674515095803494,0.3118950868333057,6.6681240053009105,67.51320361874353
0.7698505534257004,2.0545753425961233,0.31706831117560613,6.609346713640276,38.223444643974894
0.7644194228149791,2.0623042596248813,0.3151785717957353,6.452213580166061,46.044468069178265
0.7673675886013825,1.8963304883795926,0.3056238284793875,6.426635117637063,81.7739435130686
0.7969159316234359,1.9828656202959825,0.3020840220790375,6.421648370191235,43.87958705935033
0.8136460789926658,1.9814279567002104,0.29874813744200956,6.3155179631003,39.30849289874635
0.8110676319732008,1.9296244152641089,0.28492070822266646,6.8230751378938885,28.611364527686195
0.833087329961441,1.9611091656204562,0.2943864984626645,6.435535906157732,30.72594030106379
0.8005200756751163,1.9444712077267086,0.2661408637160923,6.743431704165099,29.12028156021343
0.8581413630862927,2.087613522171181,0.298033207464105,6.80426321038449,-30.291771072759463
0.7894137266704818,2.046783919657373,0.2802281778569816,6.699662179629592,20.68886732852262
0.9088067666635848,2.063577754749708,0.27792821365568454,6.41367593745639,-41.05357780518028
0.8250266939106004,2.0360836032021616,0.30359788302306956,6.580746018067322,9.779930910069817
0.7657136977433487,1.9435474114391385,0.32784004572689196,6.4951608787218165,72.63149335805508
0.7571643000775555,1.9737739866860113,0.3183663321200462,6.319259627853975,75.48617193990842
0.8192988966097274,2.0244687280613958,0.26858998792753647,6.564871856344321,11.695508173664205
0.791061488586966,1.9388936095554028,0.28020743726859326,6.264192041768039,56.73772789987487
0.8285600197636838,2.0356499215086195,0.3188154237597643,6.737535877692313,7.297808164110121
0.8189295049829418,1.9879837300920933,0.2803502521292338,6.407076540540322,25.123730112838313
0.7970868434937252,1.98125895962252,0.2955073370000595,6.540231931174568,38.192297428223924
0.7661282512772638,2.0355479984101748,0.311001041980491,6.556657574309228,44.387980972344074
0.7394061110125655,2.022213165574302,0.2806331109027273,6.448219005259184,62.07617108009068
0.7821394019173192,1.981951691709046,0.3021075101229192,6.617338760295055,42.485688020259424
0.834255951772939,2.057966490168212,0.2733194901016359,6.405019268675495,1.4036551569429374
0.8085637497652082,1.9459468336200052,0.2879726471209757,6.674259459491449,36.92331303980176
0.7501704488515205,2.030796780347213,0.30639563868285075,6.23080406395065,65.01723001998752
0.8069272370340473,2.0296550628984193,0.2681401253293666,6.525275915909282,16.974352216570963
0.8154126951891535,1.9845226780343004,0.308809494759208,6.887785799811657,15.49506861041392
0.7646457025519547,2.0163066511121057,0.2996072440214664,6.299933735078885,59.09419753994697
0.8061490042378212,1.9374443211807348,0.31104979908834296,6.36445100589503,54.29205183381302
0.8023283487378401,2.046201350960345,0.30447828268129323,6.602781569931783,18.453247339126005
0.7542811880867751,1.9907548931778505,0.3272828085994769,6.5359163563879195,67.11588808127479
0.8143114944139314,1.973863848974048,0.30250449005295815,6.570126019854712,33.80373369964951
0.8224313810547295,2.0524504612918446,0.29141188917749494,6.597837426029533,4.15715481658285
0.8433220497270111,1.964782815472862,0.3024459500606457,6.626944293712354,16.116052113514318
0.8421520820813961,1.929576935181822,0.31086596058072774,6.721939968391244,20.07357435528391
0.7448932252817164,1.9221685413238048,0.30097720140651407,6.581963731385702,79.47051263799057
0.7624869984033952,2.030300497567282,0.3008118338240776,6.451748469076292,51.1610688805694
0.8206014106883465,1.935978532375186,0.2859601662438649,6.634514740240546,33.071994033319925
0.8205514380364884,2.0877397090992185,0.286741981648981,6.879976386979044,-14.678060230068098
0.8206019074522419,1.895903529605814,0.27194789456400614,6.473473250723485,43.633165633948714
0.9541092596261889,2.084822818414502,0.3349915348637388,6.305094139065872,-55.32409069563641
0.8228356204277267,2.0105508733601307,0.2751227352921743,6.721416133857394,4.200489261503471
0.845422625607224,1.9951643444064804,0.28614189604408186,6.47592376720928,10.27631476844974
0.8381600705397282,1.9727540456595525,0.285631854688616,6.065466090797193,36.38221714417754
0.8260556500522319,2.0199568057176034,0.31789848753888883,6.669484335430084,12.001947690372436
0.7873892302143862,1.9981182648787577,0.29410100643415943,6.392934362809216,44.78530336400976
0.8303587688197307,2.055165094100826,0.32495484145347464,6.481893343539168,11.177106458556196
0.7690869914184971,2.005711382433102,0.2865301875151226,6.5663960661138026,44.62653819029368
0.7905272557303997,2.007515088073094,0.30557988324447605,6.538099935955813,37.899168499461595
0.7805854580868359,1.9818193893893072,0.28329305893480483,6.641890363427808,44.173924532404975
0.803274965575453,1.9971527188139466,0.34290298255546775,6.412902725886031,45.57606534268701
0.8925863426669404,2.0153900884446028,0.27624803161940975,6.602621159635216,-29.008859983080367
0.7253093922963301,1.9144915803671687,0.3061964142045405,6.4480906644832165,98.9461985020247
0.8274504076149806,1.9325907288947144,0.312675537618642,6.647762096177501,33.82141251090753
0.735491365152414,2.0371632047011357,0.30827598194902994,6.62307349680261,58.02100029577419
0.7811227253684228,2.008543271906397,0.2962942468224458,6.312912259591081,49.100415213196044
0.8435580238786947,1.9908008331823661,0.29740358600533146,6.7171964232350065,6.0257032230256105
0.8025712007638186,2.0009216966532697,0.3008762294395822,6.39280731097719,39.956990338714355
0.7568902088828278,2.0173790852680837,0.29705995996743023,6.661611559656229,46.586298908733504
0.7713878516296013,1.973012015984532,0.3192775823358982,6.573457462680268,55.33120580035963
0.8271839099573871,1.9610847637298843,0.34421046003182704,6.867636735359024,25.0363993550247
0.7707853347313146,2.009792262754884,0.28885016429984334,6.455306803525629,47.2487388169083
0.808658343583279,1.9510813611192483,0.27260394040841845,6.430136640776361,40.47964520995036
0.8018228735961526,2.0204126377857237,0.2982343590329749,6.496116078822453,25.94545938067154
0.7739359860957673,1.914870819788108,0.35159418675308635,6.4393640434331445,83.84938251892257
0.8857577635730131,2.051457781866282,0.28392650864060537,6.65998838038841,-35.947628994401335
0.8253567608927205,2.023629874120652,0.33278233610888136,6.176737878312682,35.96570998791606
0.7189942965336957,2.0128014867156936,0.3335540162815288,6.289263516170729,91.64245230593217
0.8074581725907771,2.0491345491972757,0.2889282351658401,6.286439415684161,24.002874544433045
0.7735285414092645,2.083273722223129,0.3113796615837055,6.690061518394715,23.636526002915915
0.834097333391849,2.0507185032509065,0.33256793246257077,6.842122674516385,-2.0678169484406776
0.768299170462692,1.9079562884334178,0.29241744518025026,6.4791101562925055,74.00387148552183
0.7954105423413241,1.9360211516632149,0.29592839279795274,6.466235655361998,54.29199712891954
0.8201994911592183,1.968759071115216,0.28836638172102713,6.514010432622636,31.465622710851306
0.8346302077668049,2.0013045525105415,0.27970486538614264,6.7323756605216385,-0.06012263547619323
0.751988143717769,2.025882951023456,0.28701444909867985,6.314529373161885,62.4421464653111
0.7866199505663621,1.9637128093423266,0.2755211946647549,6.547673796546957,44.42177392369998
0.7810021875535618,2.009338338223854,0.30068166936518453,6.695039525956486,34.19417243410891
0.7738668306970515,1.9622308533823338,0.2846005353788271,6.600218833987969,49.35372158249973
0.8706181696112439,1.9694241098504026,0.30467571823581496,6.537916323319749,2.6330304779267255
0.8161992684384383,1.929666945157589,0.2688820870759274,6.700209218513428,30.120859363572684
0.7495646418265982,1.9538383376944548,0.3066176046442891,5.959353541400152,96.57630154098727
0.8367144778821911,1.9324157697191833,0.3166705792321785,6.635575063906182,31.205098117750374
0.8848862478805054,1.9512063373511332,0.26012528714857086,6.369184863374516,-4.896057938893715
0.8412986104220459,2.052682089830392,0.30748113139695143,6.133873420628708,15.765218741053598
0.7392252013618396,1.9525300555584029,0.32455337984946586,6.6022405199049965,78.76139092404522
0.78063063708535,2.1316191032418694,0.2758071796261759,6.774731709032592,-1.217819787122159
0.850676445967465,2.0246658950440444,0.33345144773675406,6.472510297074462,10.328348656841952
0.7716932213752488,2.0092418061847437,0.3083803801873209,6.6905749094405875,41.77263172859382
0.8177527771258492,1.9570821109909393,0.2858997628848318,6.822455651597729,15.911671671074048
0.8309853621371736,2.0350154939704495,0.2988846184468459,6.76298289071681,-0.889637447461767
0.7629227811368767,1.9712181086881113,0.31116653825043444,6.827992905874279,52.06882353228711
0.797618985757528,2.006100490732268,0.30152010782824823,6.648425498214379,29.818883827132325
0.6703493063972371,2.12800422691344,0.31077511984892736,6.515086727780319,78.99209516859999
0.7590244943466284,1.9951970050137675,0.2815865281384127,6.179606837620566,66.21569850943649
0.7898972739442737,2.057463666314284,0.30338721648072153,6.45078750237401,30.43148677458093
0.7500886727214061,1.9648411787437057,0.2717257100619004,6.331350680936762,73.76922314836388
0.8652964521572655,1.9982505754751518,0.29777547877302596,6.9341885434995625,-20.973514161919503
0.7427943448815747,2.0885400317817755,0.2819218471707042,6.464822837513533,43.48443635998581
0.7823982205321207,1.9686516471106117,0.28528940114820467,6.524640961356897,47.520555429640375
0.8052296230914437,2.0906224278998464,0.32472186350420873,6.610297075208093,10.784530286608371
0.8576509315626447,2.035387596772774,0.32182620241188536,6.5087204892744905,-0.6630999482153506
0.7425655139528224,1.9718766612052867,0.3121827624181435,6.839010208086151,61.48386995069121
0.8465265500861985,2.0316203869527762,0.2781537447065484,6.375470127653109,1.419886300367453
0.8004093224407836,2.0486277224813363,0.29367183100610394,6.538921491047448,20.332954447603257
0.760739653958082,2.03109049811086,0.3242619539995837,6.3515058828603905,58.29275735365547
0.8184841389705309,1.9214887640054772,0.3028343382727981,6.235995497755859,53.17473025589103
0.8079623878229388,1.9636431412087565,0.34638659079963385,6.3776461818189425,54.53686361888594
0.7759913249136483,1.9876240682224247,0.30786635678788743,6.492592640590318,51.32136960533834
0.8027920833996008,1.9962783285449976,0.3038409823298006,6.414139555096548,39.559638292882155
0.7845874561255296,2.0310336048775337,0.29381767071594994,6.361515804025228,41.02562288181244
0.80454069381005,2.0088850500466626,0.3026708180956456,6.218736507265633,39.566199628591406
0.8264852269808419,1.933232782064495,0.2969506032723891,6.483378885474261,35.49587572206205
0.8634406726458141,2.019009892550298,0.3141621735337718,6.199055925193799,12.206617636304127
0.7504873800469261,2.030529287264191,0.31913404633589165,6.652011192737921,51.17952529173681
0.8853213349862508,2.027989522396552,0.284280210789841,6.5164879505869004,-23.144301876582283
0.7219164880191,2.054039036277731,0.2733753409288444,6.208489700107014,72.00513440420573
0.7939285961985767,2.041696107727445,0.26327589253793404,6.438158184590027,24.63614312410562
0.8235326882593831,2.022959003961422,0.31015982653825086,6.3495687188818835,24.218768729906138
0.8112396747094014,1.9964917144270677,0.2779326678765225,6.563834902083836,21.797039647246596
0.7750920192071763,1.9169519533242005,0.2569421881409503,6.7680900892046285,51.42930949079762
0.791675109985709,2.021480910956629,0.3077715720906193,6.124965506070851,53.58731454925524
0.7802799626136467,2.0103843843581557,0.3498599903486558,6.523005215829484,53.87384482926146
0.7764254097222316,2.0135789418597687,0.2998785817692021,6.467973440886672,46.09183453864923
0.833984083880841,1.9361625712089845,0.3167698154890328,6.634268015290093,28.400580679122648
0.814280619438602,1.945947172979587,0.30163658717095126,6.542639325647538,37.49441559212197
0.7722836161895739,2.052657642666645,0.29802220693617715,6.3496061336522365,44.01014405478416
0.8359839950173301,1.9980222423071672,0.31838152965975536,6.436189212866676,22.539799335365394
0.8122919808350644,2.034075034868631,0.29419450911622697,6.340794828639302,27.370908739336105
0.8325144847535585,2.001415918806523,0.3053478462814381,6.71520142771972,10.214400158280368
0.8251851536769446,2.0014878069747875,0.30643395612392027,6.504262329734388,19.652769386500335
0.7668401995631171,2.0469141902988,0.286638190927139,6.880238137150601,25.67451869456175
0.7775927583921213,1.9741977635891312,0.31984084699073045,6.487867837237076,56.47288459063327
0.8298917442049305,2.004806038847049,0.2965008048660918,6.358318646617907,21.79754956457003
0.8244148106173387,1.9768862355647479,0.28488509681014307,6.197257121477435,36.581192437233035
0.7991639362414341,1.9782751886283843,0.31073019687140807,6.139372064748811,60.23844781540417
0.8046930953323513,1.9845413938265681,0.28203064036417924,6.183172811398902,49.872956499718256
0.851106595831537,2.0111066885816857,0.30056362314738255,6.5534253302022965,3.1115630431390118
0.7763371444465669,1.976062568916826,0.29981762006711593,6.601745004645987,49.37848291385312
0.8218838952468016,2.062787806278676,0.3217179113166315,6.183761859593574,25.689650459681086
0.7919122939026443,1.9552696348890248,0.30949396465759904,6.6790076628152235,46.25349553790133
0.7912927518709112,1.9906564177919321,0.2994994608250971,6.403387789663312,45.314825341086305
0.8439510740794877,1.9780134470862913,0.31635532598400573,6.52935860239711,20.893220090357115
0.8330166539595212,2.0723488942176864,0.32780415098034626,6.822444125651085,-7.5147229811684095
0.8325403854400256,2.0098277388255785,0.31115620612703726,6.679367863173106,10.547272021967377
0.8522191522861732,2.051592226973432,0.3002070523968676,6.446293870418834,-2.9141261903170124
0.8008401536653104,1.9257219813481514,0.2737632753529968,6.321761554916942,54.87921275036635
0.8272781188517986,2.013352513293463,0.2786977267384925,6.069636919734139,31.004910750117038
0.7875893297362618,2.044481539781172,0.29389550591290664,6.356169336151516,34.75674705427505
0.8129666540995377,2.0041141994637712,0.28780975595681435,6.4577739522344615,25.29447284501455
0.7947942778252927,2.0532740187532674,0.2962605739402911,6.302564094569763,30.57670235111504
0.8038798385997088,1.9741355774949814,0.3011329984979421,6.473748606581539,41.009457453621856
0.8238062810174765,2.070467372009279,0.3105938550871346,6.515370376591753,7.666736867185877
0.7672711726706611,2.1149449061809626,0.29859002443881816,6.455028803638385,27.617589589161433
0.8836954910274184,1.981858071978017,0.309730032876524,6.369999483835308,2.9793085321096258
0.759759304740012,1.9777248739299613,0.3012894882962024,6.533730934393345,61.37867890506582
0.7514324554884908,2.0726692238558853,0.2604906686729226,6.588388129913882,33.837256777335654
0.8463244349400028,2.0789786072865355,0.2812132921236249,6.2819201845114305,-6.1050052357112214
0.8316665077585175,1.9738569986423367,0.2971182488855677,6.782186475949254,11.413282244086414
0.8249647926820862,1.978990659145207,0.2758061051431778,6.480282373543147,23.304838553261234
0.8251338203705713,1.9859107695569747,0.3119985745999241,6.50376992458897,28.080385205052654
0.7995101290861235,1.9327774744482862,0.3306150166468739,6.641642884651311,51.41917265686947
0.7641098251405668,1.95406740267579,0.32437523703394633,6.546643226252701,68.66533900939281
0.8030321823277491,1.9497929616623966,0.2957311425813958,6.690627326782649,34.62631374571484
0.7729135315395156,1.9616101217447937,0.329814522736999,6.557424833040365,62.24149585909127
0.8390047893367101,1.998265755630661,0.3029733491440422,6.3775125250719125,20.793328084662498
0.7941177047399145,2.011710736626826,0.2932582805776392,6.57230070504122,32.04712104064767
0.7669801121282995,2.0775250246407038,0.2877319467291812,6.271254758535868,42.00213000213972
0.7871445663338803,1.9500822979630605,0.29395060627023745,6.521711941155305,52.04704114383807
0.816517258171025,2.049216119923829,0.29223646362917544,6.493354001871108,12.827366613150325
0.7774510178878411,1.9893005577887246,0.30340832444750976,6.458376628545492,51.3259243308656
0.7671111841773428,1.9975268145173783,0.30321147962099726,6.474292497712214,56.40125186430538
0.8097474884596766,2.0337409746083304,0.30006092040306825,6.123630190900472,37.23948330235748
0.809798662844349,1.943863898921885,0.308738763394927,6.390255018451808,49.95897990725797
0.7797222729851548,2.0191204873092023,0.3238129254957268,6.518568980228223,44.79460652997137
0.7811584677752671,2.008322610410653,0.3189910827088265,6.53197127839948,42.654767251025675
0.8092819974943055,2.0246225632004076,0.27030204063100194,6.294464971814809,27.91302453127276
0.7420766263401071,2.014458432195391,0.2489215773019609,6.75314156817294,42.32822833550931
0.7437014490249378,2.122765006995545,0.31868639822478545,6.3267650303571,45.87311614196186
0.7712622311499026,1.9681130007874341,0.27266242603169155,6.6938914401053475,46.27569864856484
0.7914621139315261,1.973450152249909,0.2955046919621463,6.585438872374337,41.16316533525958
0.8124363026239202,1.9688429736787618,0.2765977394788128,6.37075453803124,37.71699082452398
0.8590142486779822,1.9722261440419873,0.2639603912483996,6.855062178521902,-11.277011309798231
0.8343063849280808,1.9681306436346742,0.31082925456409577,6.261272633648704,36.52043336890547
0.793602458801463,2.0594508265553775,0.3151831032060529,6.683830834722,17.88490297143457
0.7992393516838925,2.0710252123994928,0.2884697919854656,6.7001164636085955,9.879521428809788
0.7598988254144877,1.971462685312526,0.2481791541571018,6.365875958184671,59.29726984790981
0.7992594745603044,1.9583822213447886,0.2890751110349503,6.778493060012866,31.51693996668945
0.7884536544431945,2.0235707778193204,0.3078360801080509,6.449990697080209,39.47617421902137
0.8129087424135236,1.9723888477859515,0.2704217686245174,6.557738725855971,23.637320045250817
0.7669107622579071,2.0316465908877754,0.3036671983955831,6.5520643677542445,44.86774313125285
0.820773860569647,2.010146151042565,0.2996938030165401,6.47313825170589,20.608473709277916
0.8613095565201031,1.9242127942501384,0.3115858299920218,6.662161654631957,13.270367678270897
0.7956495940617258,2.077375260066503,0.3023916073682831,6.658697744110443,10.669533780002219
0.8160684688839577,2.0897938836547763,0.2805386211823689,6.150293605352363,16.376822621541134
0.8276057596684445,1.9693605654757806,0.32393143003328984,6.760868048575631,20.577965441261735
0.7839511811245666,1.9806149220032008,0.2968294085394606,6.167501602392865,63.44567827777246
0.8089636992724167,2.014293269536245,0.29945390920980136,6.706509240868331,17.46629072412055
0.8005036960312718,2.016722839499351,0.2813346408185361,6.725341027365516,15.401735835653426
0.8039070439419533,2.0329272136336414,0.2911343549761698,6.281806713956961,30.22841033688431
0.7690796086457814,2.1005102269383173,0.282303945719462,6.417837142409083,29.48478165716357
0.8009804069703578,1.9911526386252976,0.2965410788015315,6.278859066302813,44.50414873752062
0.819919931649818,1.9600851377730772,0.33423416960284685,6.457015793942253,41.367375745204946
0.8580457443118017,1.9310340385992737,0.27256197714137287,6.438393143162852,16.843368405223092
0.8383708330434083,1.9634534980029041,0.26772877204246515,6.655932106453868,10.72834656001809
0.8861272983004623,1.9983436513563102,0.3294234065498722,6.762061749223921,-14.894180825897424
0.7693060974844781,2.0897278931758896,0.2958135264569627,6.779136762157991,20.516935671235853
0.8348928254688271,1.9741194350481914,0.28661854522680164,6.38756639468434,23.301681869882252
0.8073336802295341,2.011189397581945,0.3207980937479215,6.458155625251094,32.12534266450693
0.8875921173287069,1.9991788551963623,0.2878876892052627,6.16331236155581,-2.5537441407804793
0.767668068585794,2.0594196636724043,0.3365201942709387,6.338825986700762,52.66326314246793
0.766411126312769,2.1263466212936812,0.31355851742678537,6.692970326619491,16.697943448755098
0.7760242941822392,1.973456561353984,0.29024177183708594,6.823116564709647,38.245028881501064
0.7150441710276078,1.975528027874089,0.3431461642653101,6.253130225624016,106.6186848954606
0.7789697991327696,2.0522080438534536,0.2878857015399332,6.381507148169421,36.28055580600199
0.7696346935378521,2.0340945744813155,0.31484190744018614,6.494718848608215,46.7470437154917
0.8060157514590484,2.0923353662868016,0.30598585160812986,6.556032231763921,7.34898683771007
0.8136702390310864,2.0291964092662984,0.32603482578797593,6.338079296015671,31.812422554650595
0.8750468335686354,1.982035395460647,0.33123022393453705,6.584812208892818,-0.49704665851253793
0.8380169535274421,2.0295327415346156,0.30064008298131534,6.405232130585817,12.25684658111671
0.7769238537735039,2.0554351790291454,0.2849316425930763,6.497109545824344,33.0422581453051
0.7640634131460657,2.0410241090598684,0.3091994428587823,6.60925684960074,39.61966938966517
0.8196767668602603,2.025363701555365,0.2864456926049579,6.501284453962188,13.933983925784752
0.7471906717191743,2.0533337344794576,0.34026774495053247,6.412722821894686,60.54487651106828
0.8732583506341742,2.0584647795222835,0.30273070662165474,6.478078039214834,-18.875656080016594
0.8471776048288515,2.0691079495518765,0.2926935689737578,6.482327408158933,-8.413130034609965
0.7812329739158118,2.0324354943794822,0.3036936061172982,6.425997794023575,39.06168732819665
0.731474618836365,1.9916440959841573,0.27305747420940607,6.448240787466579,69.9934502273316
0.8541548949666166,2.0073356843216663,0.28056771922978696,6.819729434100943,-14.727326045041586
0.7954184061898953,2.060325448325418,0.3240082781588885,6.612183889588247,23.666970039803516
0.8495126524789385,1.9591532164506382,0.2868621144205721,6.440903936394168,17.41155112233276
0.7362228936482254,2.018433665443645,0.2790617803463612,6.639390880902147,54.80744329018174
0.7760249990818491,1.980333059383632,0.3107330550505457,6.433236102048798,57.98871448927771
0.8002097479887273,2.001437241146741,0.32371408309325994,6.734624927517328,29.077500122060137
0.8018792237505897,2.063922593130365,0.3143790662133013,6.573928438439618,18.136197625474498
0.7819973811408303,2.009554953400995,0.31992095371611634,6.478539571199154,49.96103758700946
0.8249139972939,2.0023218274078074,0.28486409822861075,6.589543385162056,16.14183872740667
0.7572951828246963,1.932007192951004,0.2715637866651631,6.1858247695863,79.73631783236532
0.7943048205991483,2.037312678301361,0.3300266730391097,6.274646506218039,45.441378864061
0.8048118252684759,2.0322742090570536,0.2935464032231573,6.261214998720189,34.08546145620668
0.82057755336235,2.108162736165273,0.29498333967089907,6.528588618952742,-6.145982786016757
0.8284645951235556,1.98461108825235,0.3265638828369811,6.846502999897019,15.718634538628201
0.7550143163264853,2.010957516383197,0.3111246001880132,6.946260029238527,43.79373883414623
0.7386354331705751,2.0124691841855378,0.3091177554416321,6.627610220288151,60.793232619088414
0.8511070728759405,2.078872663988174,0.3433000468980217,6.600168894988891,-8.761330090401643
0.8132925604791837,1.9952352233806523,0.2871296353923971,6.139788453169452,42.193519277058996
0.7700605385377379,2.013951076288517,0.3185568025616247,6.391465240053195,56.578439371435714
0.8620460790209009,2.030394825485827,0.3011402624979417,6.342443249618352,0.937435349619572
0.8046269853717144,2.009330456157818,0.30537184557726516,6.3758304803497765,36.767882293743504
0.8471718873625531,1.9776783192724736,0.33056936852825064,6.466371236283042,22.457733460922825
0.8027007392564044,2.0097044996449154,0.31015671512579246,6.405581884460575,35.0038729484668
0.8824299169952795,2.0536815874929886,0.31076592158099264,6.104140037924842,-3.6614759865839384
0.8702136336977282,1.948674235029447,0.32145014674619604,6.649582051223507,8.761817348122824
0.7900414340608372,2.0066484837073437,0.29270094540914227,6.285451394852038,45.65962234842198
0.8388628380381743,1.9649939592530414,0.2832158066532199,6.54784937282223,16.690859851308193
0.8258150379834059,2.059752331446242,0.2791038161195793,6.9148165339499945,-16.607389825888834
0.854745262301294,1.9238406547608113,0.2606728682124799,6.316123081682715,23.429381100907744
0.7614030615767958,1.9720539076364205,0.3411241425988064,5.993942495450734,92.2605931643245
0.8274420583999376,2.0188605937532262,0.2779358326855663,6.442799155623978,13.162239165915262
0.8423369794739836,2.078276201461717,0.29557492752828457,6.720191926999714,-15.07778859602888
0.7296504205430755,1.9967124869463506,0.2944637340022216,6.8916694908441185,57.20612315439402
0.7526696594933691,1.9722400236653401,0.306148133956182,6.254090081109517,79.60701403466153
0.718430712889596,2.0940578534720293,0.31631474425078593,6.599339844647305,55.049081633662
0.7892237266222177,1.9275993049791877,0.3172094697671949,6.4069379086439895,65.43216654414324
0.8287016902318385,1.890059702168996,0.28833845122862123,6.478810329139173,43.853487545232895
0.8600942820838412,2.022000722502667,0.29665756572427177,7.028868669403407,-24.817300294973172
0.8029637912167911,1.9748972887823695,0.30565159900976596,6.1994059343209695,51.99435755886064
0.8651446218228517,1.9489383591434644,0.29502617747632903,6.550747932298915,8.20336111280187
0.7447959416714044,2.0354178223649675,0.3321469115203998,6.593538634353087,60.78886240025415
0.7318647024257938,2.01219003568856,0.309819499032765,6.717157264987869,62.171267951739914
0.7977780920441353,1.9717960684631637,0.31469755572099634,6.5195966306941795,42.7367732098904
0.8153626179575724,1.9359847800664554,0.3132576253733482,6.561610107900821,44.72570952233089
0.7986922100762364,2.0436228664140073,0.3234694771497065,6.421670286515642,35.14906160605962
0.717302315998405,2.032510058897933,0.3036204311740741,6.553825388249021,69.31398872756888
0.7964351984194885,1.9950412068110308,0.2740633610408831,6.4313615449005175,36.74352335465766
0.7478212199798059,2.0923318498023833,0.3079937590350528,6.62431437797121,37.41039959086995
0.8267869019532016,1.9464957616836924,0.2869728621241634,6.426077932791273,33.85490705783132
0.8146639298438739,1.9237237414537631,0.28942766636500483,6.5754200787804375,40.55120695226992
0.7624048085469058,1.9654045965059377,0.31172728037510183,6.494147437263004,66.20819902180247
0.7794453233065323,1.9977206991822252,0.3247656614286727,6.725210050154434,41.62118615885082
0.757631459124442,2.0121669724661344,0.30042543153472123,6.489721255282303,54.843048606862425
0.7974928361090732,1.9879381971071834,0.30617666025197926,6.145393506358624,53.319076757114786
0.8382056928200495,2.017602769825715,0.33404429889270476,6.752384300142799,5.227958651284559
0.7605709581465783,1.937423028790478,0.30481506358977134,6.318853539827476,79.81254979944849
0.8201618606207138,2.072188230203663,0.3520336622836079,6.369246732270236,21.149024591974324
0.7787896952651024,1.9958924410803716,0.31131019291263085,6.3808677411913015,55.701888778347545
0.7682850867095062,2.055864791579406,0.26478474481688363,6.774887618634163,23.22796578172821
0.7957187856018177,2.017136267318885,0.31506683242209066,6.0728651572042605,52.4706440966605
0.7585903071032251,2.022837660957689,0.3076231676976555,7.127549706731999,29.07604448443508
0.7778540277861128,2.02848836401161,0.3257950550816549,6.71121136181321,37.803161564108564
0.7520848842964462,2.0223854280008657,0.31346362702539915,6.544647782825832,57.59562841517233
0.8785890053166556,2.032136137993377,0.2972308803203245,6.489021199876743,-15.937365071701754
0.8014105420788692,2.0664576265066215,0.2755140352742127,6.557110814971532,12.206769578553672
0.7720109796802966,2.0098260584850736,0.2958195348542795,6.604224485675868,43.75400811226139
0.8085591964293689,2.0354501878794258,0.282989590915814,6.629043117190012,11.364096734856323
0.7955068780123669,1.9955132152856387,0.2883895310039055,6.61112089320069,33.084849993982374
0.7911612160186712,2.0720058607724736,0.31177156808841217,6.51791613625105,25.548529027877755
0.8245666680017371,1.9661803848970365,0.33339809008702814,6.460532315938535,36.71843644735225
0.8303003084018923,2.0900470216455407,0.3078934305964596,6.469745343269298,-0.43067567427908326
0.778779954095579,1.997992102467783,0.27608233875929633,6.461018343929464,44.95364813906101
0.7769672703742129,1.9284612448940976,0.3088920533644028,6.726754019373413,57.23158168817451
0.7889979321139343,2.0064052207455396,0.32393262973291304,6.618711344456172,41.16142359839138
0.7079231534105767,1.9659474171262559,0.28780434191361237,5.911922273067144,118.4446717158472
0.739392357512058,2.0420321774494363,0.29731965666654164,6.631180155305953,51.28422685262116
0.854674970697781,1.9673688010348804,0.30029376389458395,6.538947238943755,9.18955018428512
0.8657987085400514,1.977690828339261,0.28430203373835516,6.496258248710821,1.6307161941946715
0.790038558417745,1.9055229634527235,0.31296560867687717,6.422296309382223,69.93689475936236
0.8230622785222307,1.9773846840375462,0.29758103702784433,6.7248225439972025,17.920428728675677
0.8124500061817415,1.8788060336685521,0.30839064887814055,6.689505292424571,53.51685759321653
0.9231552323382095,1.9208048588257138,0.282250156443958,6.345424466435278,-13.103399972390932
0.8447829964573831,2.038020732807215,0.2912508339935318,6.581410457424907,-2.7224974890347315
0.7948832963407694,2.0392900079325416,0.31444762715655544,6.305668653091743,38.13857318526992
0.761778382375983,2.021272878089248,0.29254333695816465,6.224076367042214,63.04107852104512
0.7357421471896971,1.9516511928435394,0.33453927702466807,6.374656555082007,96.85589899462269
0.808138545434689,1.997614432192901,0.29200727628770795,6.672478694476552,21.448658881429335
0.7697459701886279,1.9998198730454715,0.3044936945150377,6.690625009075218,44.132349701477494
0.7431098516160931,1.9420817655403728,0.3186518166374618,6.6026170840194585,81.10501967864307
0.774137084630299,2.0751699150883574,0.27163268534133933,6.6450191573696,19.128898630929445
0.7567380798554243,2.0438681145287836,0.26478382376038445,6.603235657422991,37.02493022086749
0.8674856654029026,1.9889517913085168,0.2694868737085981,6.3717036809554095,-0.39823575132360167
0.8352655902779781,2.0013442919497266,0.3252516820685436,6.586384508934788,13.996741601198394
0.7996810943473354,2.0104191403973775,0.28896283708215104,6.660081905045536,24.04333900906239
0.8591977655556011,1.8979132565787855,0.35116398571336505,6.6508582659627145,30.105922208579056
0.8030947323059048,1.98764113087397,0.2887150480268522,6.7377826742949285,23.756044221973216
0.7655486319468695,1.96590078760011,0.3036910260639407,6.641660769440213,59.369285845578254
0.8609249630907864,1.9499189995052542,0.3308421990513575,6.5702896415083165,14.982804227326481
0.8215564017473864,1.9859449853557023,0.34012185776318243,6.714030047663286,27.20015997979596
0.7585101538269418,2.0898843263424762,0.34123007153272794,6.494695748150188,44.286917058028116
0.7923864528766558,2.0320421430633506,0.3241673246118628,6.323625069754456,42.96615846208576
0.7649752698646097,1.9714410505108602,0.3204812505162292,6.467386607211247,67.70409311073176
0.7446880107614267,2.028629139067808,0.31185053898402365,6.35101947103871,67.39000660205112
